--
-- PostgreSQL database dump
--


-- Dumped from database version 18.1
-- Dumped by pg_dump version 18.1

-- Started on 2026-04-15 22:47:43

SET statement_timeout = 0;
SET lock_timeout = 0;
SET idle_in_transaction_session_timeout = 0;
SET client_encoding = 'UTF8';
SET standard_conforming_strings = on;
SELECT pg_catalog.set_config('search_path', '', false);
SET check_function_bodies = false;
SET xmloption = content;
SET client_min_messages = warning;
SET row_security = off;

SET default_tablespace = '';

SET default_table_access_method = heap;

--
-- TOC entry 220 (class 1259 OID 16825)
-- Name: comments; Type: TABLE; Schema: public; Owner: postgres
--

CREATE TABLE public.comments (
    created_at timestamp(6) without time zone,
    id bigint NOT NULL,
    task_id bigint,
    user_id bigint,
    text text
);


ALTER TABLE public.comments OWNER TO postgres;

--
-- TOC entry 219 (class 1259 OID 16824)
-- Name: comments_id_seq; Type: SEQUENCE; Schema: public; Owner: postgres
--

ALTER TABLE public.comments ALTER COLUMN id ADD GENERATED BY DEFAULT AS IDENTITY (
    SEQUENCE NAME public.comments_id_seq
    START WITH 1
    INCREMENT BY 1
    NO MINVALUE
    NO MAXVALUE
    CACHE 1
);


--
-- TOC entry 221 (class 1259 OID 16833)
-- Name: project_members; Type: TABLE; Schema: public; Owner: postgres
--

CREATE TABLE public.project_members (
    project_id bigint NOT NULL,
    user_id bigint NOT NULL
);


ALTER TABLE public.project_members OWNER TO postgres;

--
-- TOC entry 223 (class 1259 OID 16839)
-- Name: projects; Type: TABLE; Schema: public; Owner: postgres
--

CREATE TABLE public.projects (
    id bigint NOT NULL,
    owner_id bigint,
    description text,
    name character varying(255)
);


ALTER TABLE public.projects OWNER TO postgres;

--
-- TOC entry 222 (class 1259 OID 16838)
-- Name: projects_id_seq; Type: SEQUENCE; Schema: public; Owner: postgres
--

ALTER TABLE public.projects ALTER COLUMN id ADD GENERATED BY DEFAULT AS IDENTITY (
    SEQUENCE NAME public.projects_id_seq
    START WITH 1
    INCREMENT BY 1
    NO MINVALUE
    NO MAXVALUE
    CACHE 1
);


--
-- TOC entry 224 (class 1259 OID 16847)
-- Name: task_kudos; Type: TABLE; Schema: public; Owner: postgres
--

CREATE TABLE public.task_kudos (
    task_id bigint NOT NULL,
    user_id bigint NOT NULL
);


ALTER TABLE public.task_kudos OWNER TO postgres;

--
-- TOC entry 226 (class 1259 OID 16855)
-- Name: tasks; Type: TABLE; Schema: public; Owner: postgres
--

CREATE TABLE public.tasks (
    kudos_count integer NOT NULL,
    reward_xp integer NOT NULL,
    completed_at timestamp(6) without time zone,
    id bigint NOT NULL,
    project_id bigint,
    reviewer_id bigint,
    user_id bigint,
    description character varying(5000),
    git_link character varying(255),
    priority character varying(255),
    status character varying(255),
    title character varying(255)
);


ALTER TABLE public.tasks OWNER TO postgres;

--
-- TOC entry 225 (class 1259 OID 16854)
-- Name: tasks_id_seq; Type: SEQUENCE; Schema: public; Owner: postgres
--

ALTER TABLE public.tasks ALTER COLUMN id ADD GENERATED BY DEFAULT AS IDENTITY (
    SEQUENCE NAME public.tasks_id_seq
    START WITH 1
    INCREMENT BY 1
    NO MINVALUE
    NO MAXVALUE
    CACHE 1
);


--
-- TOC entry 228 (class 1259 OID 16866)
-- Name: users; Type: TABLE; Schema: public; Owner: postgres
--

CREATE TABLE public.users (
    daily_kudos_given integer NOT NULL,
    daily_xp_earned integer NOT NULL,
    last_active_date date,
    level integer NOT NULL,
    xp integer NOT NULL,
    current_project_id bigint,
    id bigint NOT NULL,
    bio character varying(500),
    email character varying(255),
    first_name character varying(255),
    last_name character varying(255),
    password character varying(255),
    username character varying(255)
);


ALTER TABLE public.users OWNER TO postgres;

--
-- TOC entry 227 (class 1259 OID 16865)
-- Name: users_id_seq; Type: SEQUENCE; Schema: public; Owner: postgres
--

ALTER TABLE public.users ALTER COLUMN id ADD GENERATED BY DEFAULT AS IDENTITY (
    SEQUENCE NAME public.users_id_seq
    START WITH 1
    INCREMENT BY 1
    NO MINVALUE
    NO MAXVALUE
    CACHE 1
);


--
-- TOC entry 5048 (class 0 OID 16825)
-- Dependencies: 220
-- Data for Name: comments; Type: TABLE DATA; Schema: public; Owner: postgres
--

COPY public.comments (created_at, id, task_id, user_id, text) FROM stdin;
2026-02-08 19:29:15.905631	6	27	5	LGTM! The unit tests cover all edge cases nicely. Merging.
2026-02-08 19:30:47.300046	7	28	6	Great work on the UI, Alex! The animations feel very smooth. Approved.
2026-02-08 19:32:27.274425	8	15	3	🔴 REQUESTED CHANGES:\nCode style issue. This component is too large (400+ lines). Please extract the Chart and FilterBar into separate functional components to improve readability.
2026-02-08 19:35:21.361575	9	17	3	🔴 REQUESTED CHANGES:\nThe logic looks solid, but you missed the deadlock handling in the transaction repository. Please add a retry mechanism or pessimistic locking @Lock(LockModeType.PESSIMISTIC_WRITE)
2026-02-08 19:36:56.6286	10	15	4	@Sarah, I'm getting a 403 Forbidden error on the new endpoint. Did we update the security config?
2026-02-08 19:37:34.344874	11	17	6	Fixed the typo in the migration script. Ready for review.
2026-02-08 19:38:28.956304	12	16	5	Don't forget to update the documentation in Confluence after you finish the refactoring.
2026-02-19 14:15:04.032555	13	26	3	123
\.


--
-- TOC entry 5049 (class 0 OID 16833)
-- Dependencies: 221
-- Data for Name: project_members; Type: TABLE DATA; Schema: public; Owner: postgres
--

COPY public.project_members (project_id, user_id) FROM stdin;
4	3
4	4
4	5
4	6
\.


--
-- TOC entry 5051 (class 0 OID 16839)
-- Dependencies: 223
-- Data for Name: projects; Type: TABLE DATA; Schema: public; Owner: postgres
--

COPY public.projects (id, owner_id, description, name) FROM stdin;
4	3	Mobile Banking v2.0 Description: Development of the next-generation mobile banking platform featuring P2P payments, budget tracking, and crypto-wallet integration. Focus on security standards (PSD2), high scalability, and microservices architecture.	PayService
\.


--
-- TOC entry 5052 (class 0 OID 16847)
-- Dependencies: 224
-- Data for Name: task_kudos; Type: TABLE DATA; Schema: public; Owner: postgres
--

COPY public.task_kudos (task_id, user_id) FROM stdin;
24	3
21	3
24	5
28	6
24	4
14	6
17	3
\.


--
-- TOC entry 5054 (class 0 OID 16855)
-- Dependencies: 226
-- Data for Name: tasks; Type: TABLE DATA; Schema: public; Owner: postgres
--

COPY public.tasks (kudos_count, reward_xp, completed_at, id, project_id, reviewer_id, user_id, description, git_link, priority, status, title) FROM stdin;
0	10	\N	20	4	\N	3	Connect SMS provider for Two-Factor Authentication. Generate 6-digit OTP codes with 5-minute expiration.	https://github.com/cknnk/makoDev	LOW	TODO	Integrate Twilio SMS API for 2FA
0	10	\N	29	4	\N	3	Replace old FontAwesome icons with the new custom SVG set provided by the design team. Ensure they scale correctly on high-DPI screens.	https://github.com/cknnk/makoDev	LOW	TODO	Update SVG Icons for Navigation Bar
0	10	\N	19	4	\N	3	App crashes when opening profile if the user has no avatar set. Add null check in UserDTO mapping.	https://github.com/cknnk/makoDev	MEDIUM	IN_PROGRESS	Fix: NullPointerException in User Profile
3	10	\N	24	4	\N	6	Transaction history queries are slow ( > 500ms). Add indexes on transaction_date and user_id columns.	https://github.com/cknnk/makoDev	HIGH	CODE_REVIEW	Optimize Database Indexes
0	10	\N	30	4	\N	4	Move all third-party API keys (Twilio, SendGrid) from application.properties to environment variables to prevent accidental commits to Git.	https://github.com/cknnk/makoDev	HIGH	TODO	Security: Externalize API Keys
0	10	\N	16	4	\N	4	Implement responsive login and registration forms with client-side validation (email regex, password strength).	https://github.com/cknnk/makoDev	LOW	IN_PROGRESS	Create Login/Register UI Screens
1	10	2026-02-08 19:30:54.773573	28	4	6	4	The Settings menu background remains white when Dark Mode is toggled. Fix CSS variables in theme.css.	https://github.com/cknnk/makoDev	LOW	DONE	Bug: Dark Mode colors inconsistent
0	50	\N	15	4	\N	4	Create the main visual component for the "Analytics" tab. Users need to see their spending breakdown by category. \r\n\r\nTechnical Specs:\r\n\r\nUse Recharts library for the pie chart and bar graph.\r\n\r\nFetch data from GET /api/v1/analytics/monthly.\r\n\r\nImplement skeleton loaders while data is fetching.\r\n\r\nInteractive: Clicking on a category slice should filter the transaction list below.\r\n\r\nSupport Dark Mode styling automatically. Mockups: Refer to Figma file v2.0_Analytics_Screen (Frame 45).		HIGH	CHANGES_REQUESTED	Develop main dashboard chart components for user spending analytics.
0	10	2026-02-08 19:39:07.162588	22	4	4	3	Create Dockerfile and docker-compose.yml for the backend and Postgres database. Ensure simplified local setup.	https://github.com/cknnk/makoDev	MEDIUM	DONE	Dockerize Application for Deployment
0	30	2026-02-08 19:33:54.273106	18	4	6	3	Configure SecurityFilterChain, implement JWT token generation, and set up role-based access control (USER/ADMIN).	https://github.com/cknnk/makoDev	HIGH	DONE	Setup Spring Security & JWT Auth
0	30	2026-02-08 19:35:31.786842	23	4	3	4	Create backend endpoint to send reset links via email and frontend UI to input new password.	https://github.com/cknnk/makoDev	LOW	DONE	Implement "Forgot Password" Flow
1	30	\N	21	4	\N	5	Achieve at least 80% code coverage for the account management logic using JUnit 5 and Mockito.	https://github.com/cknnk/makoDev	LOW	CODE_REVIEW	Write Unit Tests for AccountService
0	30	\N	31	4	\N	5	On smaller mobile screens (iPhone SE), the keyboard hides the "Login" button. Need to implement a scroll view wrapper or adjust padding.	https://github.com/cknnk/makoDev	MEDIUM	TODO	Bug: Keyboard overlaps Submit button
0	30	2026-02-08 19:28:04.990729	25	4	3	5	Configure workflow to run tests on every Pull Request and build the JAR artifact on merge to main.	https://github.com/cknnk/makoDev	MEDIUM	DONE	Setup CI/CD Pipeline in GitHub Actions
0	30	2026-02-08 19:29:28.12997	27	4	5	6	Allow users to download their monthly bank statement as a PDF file. Use iText library.	https://github.com/cknnk/makoDev	LOW	DONE	Add "Export to PDF" feature
0	10	2026-02-08 19:40:04.546634	26	4	4	3	Annotate controllers to generate automatic API docs. Ensure all request/response bodies are documented.	https://github.com/cknnk/makoDev	LOW	DONE	API Documentation with Swagger/OpenAPI
0	10	\N	32	4	\N	5	Clean up NotificationService.java. Replace all standard output prints with proper Slf4j logging (log.debug / log.info).	https://github.com/cknnk/makoDev	LOW	TODO	Refactor: Remove System.out.println
0	30	\N	33	4	\N	5	Bump spring-boot-starter-parent to the latest patch version to resolve minor vulnerability warnings in Jackson databind.	https://github.com/cknnk/makoDev	HIGH	IN_PROGRESS	Update Maven Dependencies
1	30	2026-03-06 13:35:20.914799	17	4	3	6	Create ER diagram for Users, Accounts, and Transactions tables. Write Liquibase migration scripts (v1.0).	https://github.com/cknnk/makoDev	MEDIUM	DONE	Design PostgreSQL Database Schema
0	100	\N	34	4	\N	4	We need to implement the core API compliant with the PSD2 (Payment Services Directive 2) regulation to allow Third Party Providers (TPPs) to access user data securely. Technical Requirements:\r\n\r\nmTLS (Mutual TLS): Configure the Gateway to require client certificates from TPPs.\r\n\r\nConsent Management: Implement the OAuth2 consent flow. Users must explicitly authorize TPP access to their account data for 90 days.\r\n\r\nAISP Endpoints: Create GET /psd2/v1/accounts and GET /psd2/v1/transactions following the Berlin Group standard.\r\n\r\nPISP Endpoints: Create POST /psd2/v1/payments for payment initiation.\r\n\r\nAudit Logging: Every TPP request must be cryptographically signed and logged for regulatory audit. Definition of Done:\r\n\r\nAPI passes the Open Banking conformance suite.\r\n\r\nSwagger documentation published for external developers.	https://github.com/cknnk/makoDev	HIGH	TODO	Feature: Implement PSD2 Open Banking API (AISP & PISP)
1	100	\N	14	4	\N	3	We need to implement the core logic for Peer-to-Peer transfers between users. \r\n\r\nRequirements:\r\n\r\nCreate TransactionService to handle debit/credit operations atomically.\r\n\r\nImplement @Transactional with isolation level SERIALIZABLE to prevent race conditions during simultaneous transfers.\r\n\r\nAdd validation: Check sender balance, daily limits, and account status (frozen/active).\r\n\r\nSecurity: Ensure double-entry bookkeeping principles are met.\r\n\r\nEmit Kafka event transaction_completed upon success for the notification service. Acceptance Criteria:\r\n\r\nUnit tests cover 95% of the logic.\r\n\r\nConcurrent transfer tests pass without deadlock.	https://github.com/cknnk/makoDev	MEDIUM	CODE_REVIEW	Implement core P2P money transfer service with concurrency checks.
\.


--
-- TOC entry 5056 (class 0 OID 16866)
-- Dependencies: 228
-- Data for Name: users; Type: TABLE DATA; Schema: public; Owner: postgres
--

COPY public.users (daily_kudos_given, daily_xp_earned, last_active_date, level, xp, current_project_id, id, bio, email, first_name, last_name, password, username) FROM stdin;
0	0	2026-04-15	1	95	4	5	QA Automation Engineer. Specialist in Selenium and integration testing. "I break code so users don't have to."	marcusqwe@gmail.com	Marcus	Thorne	$2a$10$3uZ3PuqVraZdvX9xmC27VOArT4aXN0/HMWONzzEUO6Fw8dwE0HB9a	worker3
0	0	2026-04-15	1	75	4	4	Senior React Native Engineer with 7 years of experience in FinTech. Passionate about UI/UX performance and pixel-perfect design.	test321@gmail.com	Alex	Chen	$2a$10$0ufVrjys443pxmanr6tFLO5GhtyjBvnWm71nPfEPpKDysGBUD0rO2	worker1
0	0	2026-04-15	2	110	4	6	Full-stack Junior Developer. Enthusiastic about learning clean code principles and API integration. Recently graduated from MIT.	emily111@gmail.com	Emily	Dao	$2a$10$2jw2niPrRmOwq4pJVZZzSuowzIjjnmgMyo/Jj1SBGlJ0O2E.NKjcq	worker4
0	0	2026-04-15	2	185	4	3	Java Architect & Team Lead. Expert in Spring Boot, Microservices, and Cloud Security. Focused on scalable database solutions.	example123@gmail.com	Sarah	Jenkins	$2a$10$EUxaCc1J6MNwSF0/dBsWOekb/SkBZZ2OvOT7weZnxFjX7qRxjz74i	worker2
\.


--
-- TOC entry 5062 (class 0 OID 0)
-- Dependencies: 219
-- Name: comments_id_seq; Type: SEQUENCE SET; Schema: public; Owner: postgres
--

SELECT pg_catalog.setval('public.comments_id_seq', 13, true);


--
-- TOC entry 5063 (class 0 OID 0)
-- Dependencies: 222
-- Name: projects_id_seq; Type: SEQUENCE SET; Schema: public; Owner: postgres
--

SELECT pg_catalog.setval('public.projects_id_seq', 4, true);


--
-- TOC entry 5064 (class 0 OID 0)
-- Dependencies: 225
-- Name: tasks_id_seq; Type: SEQUENCE SET; Schema: public; Owner: postgres
--

SELECT pg_catalog.setval('public.tasks_id_seq', 37, true);


--
-- TOC entry 5065 (class 0 OID 0)
-- Dependencies: 227
-- Name: users_id_seq; Type: SEQUENCE SET; Schema: public; Owner: postgres
--

SELECT pg_catalog.setval('public.users_id_seq', 9, true);


--
-- TOC entry 4880 (class 2606 OID 16832)
-- Name: comments comments_pkey; Type: CONSTRAINT; Schema: public; Owner: postgres
--

ALTER TABLE ONLY public.comments
    ADD CONSTRAINT comments_pkey PRIMARY KEY (id);


--
-- TOC entry 4882 (class 2606 OID 16846)
-- Name: projects projects_pkey; Type: CONSTRAINT; Schema: public; Owner: postgres
--

ALTER TABLE ONLY public.projects
    ADD CONSTRAINT projects_pkey PRIMARY KEY (id);


--
-- TOC entry 4884 (class 2606 OID 16853)
-- Name: task_kudos task_kudos_pkey; Type: CONSTRAINT; Schema: public; Owner: postgres
--

ALTER TABLE ONLY public.task_kudos
    ADD CONSTRAINT task_kudos_pkey PRIMARY KEY (task_id, user_id);


--
-- TOC entry 4886 (class 2606 OID 16864)
-- Name: tasks tasks_pkey; Type: CONSTRAINT; Schema: public; Owner: postgres
--

ALTER TABLE ONLY public.tasks
    ADD CONSTRAINT tasks_pkey PRIMARY KEY (id);


--
-- TOC entry 4888 (class 2606 OID 16877)
-- Name: users users_pkey; Type: CONSTRAINT; Schema: public; Owner: postgres
--

ALTER TABLE ONLY public.users
    ADD CONSTRAINT users_pkey PRIMARY KEY (id);


--
-- TOC entry 4896 (class 2606 OID 16913)
-- Name: tasks fk6s1ob9k4ihi75xbxe2w0ylsdh; Type: FK CONSTRAINT; Schema: public; Owner: postgres
--

ALTER TABLE ONLY public.tasks
    ADD CONSTRAINT fk6s1ob9k4ihi75xbxe2w0ylsdh FOREIGN KEY (user_id) REFERENCES public.users(id);


--
-- TOC entry 4889 (class 2606 OID 16878)
-- Name: comments fk8omq0tc18jd43bu5tjh6jvraq; Type: FK CONSTRAINT; Schema: public; Owner: postgres
--

ALTER TABLE ONLY public.comments
    ADD CONSTRAINT fk8omq0tc18jd43bu5tjh6jvraq FOREIGN KEY (user_id) REFERENCES public.users(id);


--
-- TOC entry 4897 (class 2606 OID 16923)
-- Name: tasks fkb1t3cm5be9stox0r2suwpt1v8; Type: FK CONSTRAINT; Schema: public; Owner: postgres
--

ALTER TABLE ONLY public.tasks
    ADD CONSTRAINT fkb1t3cm5be9stox0r2suwpt1v8 FOREIGN KEY (reviewer_id) REFERENCES public.users(id);


--
-- TOC entry 4891 (class 2606 OID 16893)
-- Name: project_members fkdki1sp2homqsdcvqm9yrix31g; Type: FK CONSTRAINT; Schema: public; Owner: postgres
--

ALTER TABLE ONLY public.project_members
    ADD CONSTRAINT fkdki1sp2homqsdcvqm9yrix31g FOREIGN KEY (project_id) REFERENCES public.projects(id);


--
-- TOC entry 4892 (class 2606 OID 16888)
-- Name: project_members fkgul2el0qjk5lsvig3wgajwm77; Type: FK CONSTRAINT; Schema: public; Owner: postgres
--

ALTER TABLE ONLY public.project_members
    ADD CONSTRAINT fkgul2el0qjk5lsvig3wgajwm77 FOREIGN KEY (user_id) REFERENCES public.users(id);


--
-- TOC entry 4890 (class 2606 OID 16883)
-- Name: comments fki7pp0331nbiwd2844kg78kfwb; Type: FK CONSTRAINT; Schema: public; Owner: postgres
--

ALTER TABLE ONLY public.comments
    ADD CONSTRAINT fki7pp0331nbiwd2844kg78kfwb FOREIGN KEY (task_id) REFERENCES public.tasks(id);


--
-- TOC entry 4894 (class 2606 OID 16903)
-- Name: task_kudos fkiblsonfdv7violwiaulll21l7; Type: FK CONSTRAINT; Schema: public; Owner: postgres
--

ALTER TABLE ONLY public.task_kudos
    ADD CONSTRAINT fkiblsonfdv7violwiaulll21l7 FOREIGN KEY (user_id) REFERENCES public.users(id);


--
-- TOC entry 4893 (class 2606 OID 16898)
-- Name: projects fkmueqy6cpcwpfl8gnnag4idjt9; Type: FK CONSTRAINT; Schema: public; Owner: postgres
--

ALTER TABLE ONLY public.projects
    ADD CONSTRAINT fkmueqy6cpcwpfl8gnnag4idjt9 FOREIGN KEY (owner_id) REFERENCES public.users(id);


--
-- TOC entry 4899 (class 2606 OID 16928)
-- Name: users fkpdahtu7ev6d2tvmc52ar32hk6; Type: FK CONSTRAINT; Schema: public; Owner: postgres
--

ALTER TABLE ONLY public.users
    ADD CONSTRAINT fkpdahtu7ev6d2tvmc52ar32hk6 FOREIGN KEY (current_project_id) REFERENCES public.projects(id);


--
-- TOC entry 4895 (class 2606 OID 16908)
-- Name: task_kudos fkq7alf88cx5u06jiwescsxrg3y; Type: FK CONSTRAINT; Schema: public; Owner: postgres
--

ALTER TABLE ONLY public.task_kudos
    ADD CONSTRAINT fkq7alf88cx5u06jiwescsxrg3y FOREIGN KEY (task_id) REFERENCES public.tasks(id);


--
-- TOC entry 4898 (class 2606 OID 16918)
-- Name: tasks fksfhn82y57i3k9uxww1s007acc; Type: FK CONSTRAINT; Schema: public; Owner: postgres
--

ALTER TABLE ONLY public.tasks
    ADD CONSTRAINT fksfhn82y57i3k9uxww1s007acc FOREIGN KEY (project_id) REFERENCES public.projects(id);


-- Completed on 2026-04-15 22:47:43

--
-- PostgreSQL database dump complete
--

